City_ID,City,Country,Date,Lat,Lng,Max_Temp,Humidity,Cloudiness,Wind Speed,Current Description
0,Ushuaia,AR,2022-07-20 13:54:49,-54.8,-68.3,37.06,87,100,16.11,drizzle
1,Nikolskoye,RU,2022-07-20 13:54:50,59.7035,30.7861,70.88,52,100,12.19,overcast clouds
2,Mar Del Plata,AR,2022-07-20 13:54:50,-38.0023,-57.5575,54.09,83,40,13.0,mist
3,Tasiilaq,GL,2022-07-20 13:54:50,65.6145,-37.6368,40.62,82,92,4.32,overcast clouds
4,Vaini,TO,2022-07-20 13:54:51,-21.2,-175.2,73.56,88,40,8.05,scattered clouds
5,Mogadishu,SO,2022-07-20 13:50:48,2.0371,45.3438,82.27,69,75,16.11,broken clouds
6,Bredasdorp,ZA,2022-07-20 13:54:51,-34.5322,20.0403,58.21,56,44,4.43,scattered clouds
7,Cape Town,ZA,2022-07-20 13:54:51,-33.9258,18.4232,61.11,53,20,12.66,few clouds
8,Kazanskaya,RU,2022-07-20 13:54:52,45.4106,40.4361,79.83,45,9,8.55,clear sky
9,Hobart,AU,2022-07-20 13:54:52,-42.8794,147.3294,38.05,90,20,5.75,few clouds
10,Nelson Bay,AU,2022-07-20 13:54:52,-32.7167,152.15,60.01,83,35,7.0,scattered clouds
11,Khatanga,RU,2022-07-20 13:54:53,71.9667,102.5,51.49,47,100,19.42,overcast clouds
12,Dubbo,AU,2022-07-20 13:50:47,-32.25,148.6167,51.93,71,40,12.66,light rain
13,Hilo,US,2022-07-20 13:54:53,19.7297,-155.09,72.28,85,4,3.0,clear sky
14,Northam,GB,2022-07-20 13:54:53,51.0333,-4.2167,65.39,84,98,15.84,overcast clouds
15,Vao,NC,2022-07-20 13:54:54,-22.6667,167.4833,73.94,89,100,8.46,overcast clouds
16,Dongsheng,CN,2022-07-20 13:54:54,39.8161,109.9776,70.88,47,48,9.86,scattered clouds
17,Punta Arenas,CL,2022-07-20 13:52:24,-53.15,-70.9167,37.42,75,75,32.21,light rain
18,Rikitea,PF,2022-07-20 13:54:54,-23.1203,-134.9692,72.91,76,6,2.21,clear sky
19,Chabua,IN,2022-07-20 13:54:55,27.4825,95.1736,78.55,93,100,3.78,overcast clouds
20,Port Elizabeth,ZA,2022-07-20 13:52:17,-33.918,25.5701,60.1,87,100,10.36,overcast clouds
21,Igrim,RU,2022-07-20 13:54:55,63.1906,64.4162,71.33,45,61,12.08,broken clouds
22,Avarua,CK,2022-07-20 13:50:14,-21.2078,-159.775,73.45,73,75,12.66,broken clouds
23,Ajaccio,FR,2022-07-20 13:54:56,42.0,8.9167,84.25,58,0,11.5,clear sky
24,Haifa,IL,2022-07-20 13:51:10,32.8156,34.9892,87.21,69,0,5.01,clear sky
25,Monclova,MX,2022-07-20 13:54:56,26.9,-101.4167,87.06,44,23,1.01,few clouds
26,Mataura,NZ,2022-07-20 13:54:56,-46.1927,168.8643,41.49,98,14,0.92,few clouds
27,Jamestown,US,2022-07-20 13:54:57,42.097,-79.2353,82.94,78,0,9.22,clear sky
28,Provideniya,RU,2022-07-20 13:54:57,64.3833,-173.3,40.46,94,93,14.47,overcast clouds
29,Carnarvon,AU,2022-07-20 13:54:57,-24.8667,113.6333,71.13,71,0,15.12,clear sky
30,Pampa,US,2022-07-20 13:54:58,35.5362,-100.9599,86.58,32,40,23.02,scattered clouds
31,New Norfolk,AU,2022-07-20 13:54:58,-42.7826,147.0587,37.71,86,2,2.39,clear sky
32,Sioux Lookout,CA,2022-07-20 13:54:58,50.1001,-91.917,66.27,94,100,9.22,overcast clouds
33,Kaputa,ZM,2022-07-20 13:54:59,-8.4689,29.6619,82.44,34,17,4.43,few clouds
34,Airai,TL,2022-07-20 13:54:59,-8.9266,125.4092,59.36,93,82,3.11,broken clouds
35,Cururupu,BR,2022-07-20 13:54:59,-1.8283,-44.8683,85.53,63,14,3.15,few clouds
36,Yellowknife,CA,2022-07-20 13:55:00,62.456,-114.3525,59.56,82,100,17.27,overcast clouds
37,Vestmannaeyjar,IS,2022-07-20 13:55:00,63.4427,-20.2734,58.19,77,0,13.8,clear sky
38,Glasgow,GB,2022-07-20 13:51:49,55.8652,-4.2576,72.16,71,20,14.97,few clouds
39,Mehamn,NO,2022-07-20 13:55:00,71.0357,27.8492,55.35,94,100,3.44,light rain
40,Kanye,BW,2022-07-20 13:55:01,-24.9667,25.3327,62.26,39,94,9.42,overcast clouds
41,Karachi,PK,2022-07-20 13:50:25,24.9056,67.0822,85.82,79,40,17.27,scattered clouds
42,Cabo San Lucas,MX,2022-07-20 13:50:59,22.8909,-109.9124,85.51,61,59,7.45,broken clouds
43,Yishui,CN,2022-07-20 13:55:01,35.7847,118.6281,69.13,93,76,4.23,broken clouds
44,Broken Hill,AU,2022-07-20 13:55:02,-31.95,141.4333,44.47,53,9,10.49,clear sky
45,Tuktoyaktuk,CA,2022-07-20 13:55:02,69.4541,-133.0374,53.6,100,75,5.75,broken clouds
46,Kaitangata,NZ,2022-07-20 13:55:02,-46.2817,169.8464,40.91,82,73,4.36,broken clouds
47,Chuy,UY,2022-07-20 13:55:03,-33.6971,-53.4616,56.08,80,0,10.13,clear sky
48,Dikson,RU,2022-07-20 13:55:03,73.5069,80.5464,45.77,62,0,22.21,clear sky
49,Gornyatskiy,RU,2022-07-20 13:55:03,48.2915,40.9575,82.42,27,62,10.02,broken clouds
50,Atuona,PF,2022-07-20 13:55:04,-9.8,-139.0333,76.64,79,30,12.91,scattered clouds
51,Hermanus,ZA,2022-07-20 13:55:04,-34.4187,19.2345,59.81,61,3,7.25,clear sky
52,Kieta,PG,2022-07-20 13:55:04,-6.2167,155.6333,78.4,83,100,5.06,overcast clouds
53,Busselton,AU,2022-07-20 13:55:05,-33.65,115.3333,64.2,80,100,13.89,overcast clouds
54,Barrow,US,2022-07-20 13:55:05,71.2906,-156.7887,36.77,94,38,8.75,scattered clouds
55,Thabazimbi,ZA,2022-07-20 13:55:05,-24.5917,27.4116,62.92,53,100,5.03,overcast clouds
56,Evanston,US,2022-07-20 13:54:39,42.0411,-87.6901,82.24,73,0,4.0,clear sky
57,Longyearbyen,SJ,2022-07-20 13:55:06,78.2186,15.6401,51.64,82,75,14.97,broken clouds
58,Kupang,ID,2022-07-20 13:55:06,-10.1667,123.5833,75.29,81,47,13.65,scattered clouds
59,Puerto Ayora,EC,2022-07-20 13:55:07,-0.7393,-90.3518,67.55,99,95,5.01,overcast clouds
60,Ust-Kulom,RU,2022-07-20 13:55:07,61.6864,53.6902,66.36,62,100,3.0,overcast clouds
61,Bluff,NZ,2022-07-20 13:55:07,-46.6,168.3333,41.81,71,76,5.35,broken clouds
62,Ouesso,CG,2022-07-20 13:55:08,1.6136,16.0517,86.41,55,65,1.92,light rain
63,Upernavik,GL,2022-07-20 13:55:08,72.7868,-56.1549,47.23,72,53,4.76,broken clouds
64,Butaritari,KI,2022-07-20 13:55:08,3.0707,172.7902,80.92,82,100,11.65,moderate rain
65,Torbay,CA,2022-07-20 13:55:09,47.6666,-52.7314,70.57,81,75,27.63,broken clouds
66,Young,UY,2022-07-20 13:55:09,-32.6833,-57.6333,58.01,74,0,8.21,clear sky
67,Praya,CV,2022-07-20 13:55:09,14.9215,-23.5087,82.94,69,20,8.05,few clouds
68,Mabaruma,GY,2022-07-20 13:55:09,8.2,-59.7833,78.57,94,100,3.02,overcast clouds
69,Yeppoon,AU,2022-07-20 13:51:06,-23.1333,150.7333,62.38,81,100,16.64,overcast clouds
70,Tuatapere,NZ,2022-07-20 13:55:10,-46.1333,167.6833,41.95,87,100,1.72,overcast clouds
71,Albany,US,2022-07-20 13:53:58,42.6001,-73.9662,83.79,72,8,6.04,clear sky
72,Georgetown,MY,2022-07-20 13:52:27,5.4112,100.3354,84.15,78,20,5.99,few clouds
73,Cherskiy,RU,2022-07-20 13:55:10,68.75,161.3,36.97,86,100,10.96,overcast clouds
74,Atambua,ID,2022-07-20 13:55:11,-9.1061,124.8925,69.85,89,19,4.52,few clouds
75,La Ronge,CA,2022-07-20 13:55:11,55.1001,-105.2842,61.05,59,20,14.97,few clouds
76,Nanortalik,GL,2022-07-20 13:55:12,60.1432,-45.2371,51.19,87,90,14.36,overcast clouds
77,Haverfordwest,GB,2022-07-20 13:55:12,51.8017,-4.9691,65.05,71,94,5.01,overcast clouds
78,Igarka,RU,2022-07-20 13:55:12,67.4667,86.5833,48.97,95,100,6.71,overcast clouds
79,Sinnamary,GF,2022-07-20 13:55:12,5.3833,-52.95,82.56,69,28,6.8,scattered clouds
80,Poum,NC,2022-07-20 13:55:13,-20.2333,164.0167,75.29,89,100,15.35,overcast clouds
81,Lagoa,PT,2022-07-20 13:55:13,39.05,-27.9833,71.82,80,4,7.0,clear sky
82,Geraldton,AU,2022-07-20 13:55:13,-28.7667,114.6,66.61,72,100,10.36,overcast clouds
83,Pevek,RU,2022-07-20 13:55:14,69.7008,170.3133,31.82,92,100,13.15,overcast clouds
84,Fort Morgan,US,2022-07-20 13:55:14,40.2503,-103.8,66.85,55,0,0.0,clear sky
85,Ust-Nera,RU,2022-07-20 13:55:14,64.5667,143.2,58.14,81,95,7.7,overcast clouds
86,Shitkino,RU,2022-07-20 13:55:15,56.3703,98.3543,58.73,84,24,3.0,few clouds
87,College,US,2022-07-20 13:55:15,64.8569,-147.8028,50.29,93,100,1.43,overcast clouds
88,Beringovskiy,RU,2022-07-20 13:55:15,63.05,179.3167,47.35,75,95,19.26,overcast clouds
89,Qaanaaq,GL,2022-07-20 13:55:16,77.484,-69.3632,41.05,80,100,3.74,overcast clouds
90,Saldanha,ZA,2022-07-20 13:55:16,-33.0117,17.9442,60.85,61,0,14.67,clear sky
91,Aban,RU,2022-07-20 13:55:16,56.67,96.06,58.53,89,92,5.82,overcast clouds
92,Araouane,ML,2022-07-20 13:55:17,18.9048,-3.5265,93.99,36,99,13.85,overcast clouds
93,Mahebourg,MU,2022-07-20 13:55:17,-20.4081,57.7,71.89,64,40,16.11,scattered clouds
94,Rurrenabaque,BO,2022-07-20 13:55:17,-14.4413,-67.5278,78.69,83,75,0.0,broken clouds
95,Luderitz,NA,2022-07-20 13:55:18,-26.6481,15.1594,65.12,51,0,22.55,clear sky
96,Havoysund,NO,2022-07-20 13:55:18,70.9963,24.6622,53.83,85,59,14.05,broken clouds
97,Hithadhoo,MV,2022-07-20 13:55:18,-0.6,73.0833,81.1,70,100,1.23,moderate rain
98,Vardo,NO,2022-07-20 13:55:19,70.3705,31.1107,53.58,100,100,8.05,overcast clouds
99,Manzhouli,CN,2022-07-20 13:55:19,49.6,117.4333,67.84,58,18,2.06,few clouds
100,Saint-Philippe,RE,2022-07-20 13:55:19,-21.3585,55.7679,71.22,69,35,17.98,scattered clouds
101,Chimichagua,CO,2022-07-20 13:55:20,9.2578,-73.8123,86.41,61,100,1.88,overcast clouds
102,Ewa Beach,US,2022-07-20 13:55:20,21.3156,-158.0072,76.95,76,60,10.0,broken clouds
103,Haljala,EE,2022-07-20 13:55:21,59.4336,26.2614,69.55,46,44,14.09,scattered clouds
104,Barranca,PE,2022-07-20 13:53:20,-10.75,-77.7667,62.44,77,59,6.26,broken clouds
105,Mouila,GA,2022-07-20 13:55:21,-1.8685,11.0559,84.11,74,75,4.65,broken clouds
106,Lazarev,RU,2022-07-20 13:55:21,52.225,141.5131,58.06,84,100,6.69,overcast clouds
107,Sao Felix Do Xingu,BR,2022-07-20 13:55:22,-6.6447,-51.995,89.74,30,2,5.12,clear sky
108,Kodiak,US,2022-07-20 13:55:22,57.79,-152.4072,50.22,89,100,1.92,overcast clouds
109,Leshukonskoye,RU,2022-07-20 13:55:22,64.8989,45.7622,76.89,38,70,8.66,broken clouds
110,Tezu,IN,2022-07-20 13:55:23,27.9167,96.1667,76.8,97,99,2.89,overcast clouds
111,Ingham,US,2022-07-20 13:55:23,42.6,-84.3833,80.91,75,0,6.91,clear sky
112,Portland,US,2022-07-20 13:51:22,45.5234,-122.6762,66.06,85,0,1.99,clear sky
113,Ludgerovice,CZ,2022-07-20 13:51:23,49.8904,18.2401,94.3,27,13,5.39,few clouds
114,Stornoway,GB,2022-07-20 13:55:24,58.2093,-6.3865,62.92,79,75,11.5,broken clouds
115,Recife,BR,2022-07-20 13:55:24,-8.0539,-34.8811,78.84,73,75,9.22,broken clouds
116,Port Alfred,ZA,2022-07-20 13:55:24,-33.5906,26.891,59.18,94,100,3.33,overcast clouds
117,Bethel,US,2022-07-20 13:55:25,41.3712,-73.414,88.88,70,26,1.99,scattered clouds
118,Ust-Tsilma,RU,2022-07-20 13:55:25,65.441,52.1498,71.53,50,96,3.2,overcast clouds
119,Come,BJ,2022-07-20 13:55:25,6.4076,1.882,79.34,62,90,10.29,overcast clouds
120,Sao Joao Da Barra,BR,2022-07-20 13:55:26,-21.6403,-41.0511,75.29,74,56,2.82,broken clouds
121,Athmallik,IN,2022-07-20 13:55:26,20.7219,84.5348,81.01,86,98,2.64,overcast clouds
122,Arraial Do Cabo,BR,2022-07-20 13:55:26,-22.9661,-42.0278,73.36,83,75,9.22,broken clouds
123,Olafsvik,IS,2022-07-20 13:55:26,64.8945,-23.7142,52.12,77,10,6.55,clear sky
124,San Nicolas,PH,2022-07-20 13:55:27,18.1725,120.5953,83.44,82,22,0.4,few clouds
125,Tiksi,RU,2022-07-20 13:55:27,71.6872,128.8694,34.75,96,99,10.8,overcast clouds
126,Aklavik,CA,2022-07-20 13:55:27,68.2191,-135.0107,57.2,77,75,3.44,broken clouds
127,Iqaluit,CA,2022-07-20 13:55:28,63.7506,-68.5145,42.53,100,100,2.3,overcast clouds
128,Fairbanks,US,2022-07-20 13:51:31,64.8378,-147.7164,50.31,93,75,0.0,broken clouds
129,Coquimbo,CL,2022-07-20 13:55:28,-29.9533,-71.3436,49.73,100,100,4.61,haze
130,Ribeira Grande,PT,2022-07-20 13:55:28,38.5167,-28.7,77.4,73,20,9.22,few clouds
131,Corinto,GR,2022-07-20 13:55:29,37.9407,22.9573,89.42,36,0,1.01,clear sky
132,Nuuk,GL,2022-07-20 13:51:45,64.1835,-51.7216,47.8,82,100,1.54,overcast clouds
133,Aleksandrov Gay,RU,2022-07-20 13:55:29,50.147,48.5704,81.55,25,8,11.77,clear sky
134,Wenling,CN,2022-07-20 13:55:30,28.3669,121.36,79.81,93,99,10.13,overcast clouds
135,Sao Filipe,CV,2022-07-20 13:55:30,14.8961,-24.4956,77.83,83,86,2.75,overcast clouds
136,Yeniseysk,RU,2022-07-20 13:55:30,58.4497,92.1703,59.09,93,97,4.05,light rain
137,Cap Malheureux,MU,2022-07-20 13:55:30,-19.9842,57.6142,71.47,62,86,13.0,overcast clouds
138,East London,ZA,2022-07-20 13:55:31,-33.0153,27.9116,59.94,88,75,6.91,broken clouds
139,Opuwo,NA,2022-07-20 13:55:31,-18.0607,13.84,77.94,16,0,5.32,clear sky
140,Saint-Joseph,RE,2022-07-20 13:55:32,-21.3667,55.6167,70.21,68,26,17.34,scattered clouds
141,Ust-Maya,RU,2022-07-20 13:55:32,60.4167,134.5333,68.83,76,70,4.25,broken clouds
142,Pedernales,DO,2022-07-20 13:55:32,18.0384,-71.744,86.23,53,0,4.45,clear sky
143,Kapaa,US,2022-07-20 13:55:33,22.0752,-159.319,74.19,93,30,10.49,scattered clouds
144,Souillac,MU,2022-07-20 13:55:33,-20.5167,57.5167,71.98,64,40,16.11,scattered clouds
145,Mount Gambier,AU,2022-07-20 13:55:33,-37.8333,140.7667,40.15,90,0,5.48,clear sky
146,Haines Junction,CA,2022-07-20 13:55:33,60.7522,-137.5108,48.15,76,100,2.3,overcast clouds
147,Mlalo,TZ,2022-07-20 13:55:34,-4.9333,38.9333,76.23,64,10,12.06,light rain
148,Chicama,PE,2022-07-20 13:55:34,-7.8447,-79.1469,59.54,75,44,5.01,scattered clouds
149,Akyab,MM,2022-07-20 13:55:34,20.15,92.9,83.48,81,57,5.93,broken clouds
150,Bambous Virieux,MU,2022-07-20 13:55:35,-20.3428,57.7575,71.85,64,40,16.11,scattered clouds
151,Te Anau,NZ,2022-07-20 13:55:35,-45.4167,167.7167,39.94,96,93,3.96,overcast clouds
152,Castro,BR,2022-07-20 13:55:35,-24.7911,-50.0119,61.09,87,97,5.55,overcast clouds
153,Lebu,CL,2022-07-20 13:55:36,-37.6167,-73.65,51.58,97,100,10.78,overcast clouds
154,Karaton,ID,2022-07-20 13:55:36,-6.3424,106.1045,73.87,95,25,3.38,scattered clouds
155,Molochnoye,RU,2022-07-20 13:55:36,59.2917,39.6787,54.88,98,100,9.78,overcast clouds
156,Hasaki,JP,2022-07-20 13:55:37,35.7333,140.8333,77.4,80,100,6.06,overcast clouds
157,Neiafu,TO,2022-07-20 13:55:37,-18.65,-173.9833,77.68,73,40,10.36,scattered clouds
158,Vostok,RU,2022-07-20 13:55:37,46.4856,135.8833,61.43,96,90,3.18,overcast clouds
159,Imbituba,BR,2022-07-20 13:52:27,-28.24,-48.6703,65.08,89,0,13.0,clear sky
160,Contamana,PE,2022-07-20 13:55:38,-7.3333,-75.0167,77.61,79,60,2.51,broken clouds
161,Big Spring,US,2022-07-20 13:55:38,32.2504,-101.4787,82.24,54,0,8.05,clear sky
162,Kanchipuram,IN,2022-07-20 13:55:38,12.8333,79.7167,87.64,63,100,8.59,overcast clouds
163,Sovetskiy,RU,2022-07-20 13:55:39,61.3614,63.5842,66.65,73,98,5.82,overcast clouds
164,Kapit,MY,2022-07-20 13:55:39,2.0167,112.9333,76.64,87,45,0.45,scattered clouds
165,Muromtsevo,RU,2022-07-20 13:55:40,56.3724,75.2418,63.95,93,96,4.12,light rain
166,Eureka,US,2022-07-20 13:55:40,40.8021,-124.1637,55.67,83,68,2.21,broken clouds
167,Rehoboth,NA,2022-07-20 13:55:40,-23.3167,17.0833,71.85,16,0,5.17,clear sky
168,Keuruu,FI,2022-07-20 13:55:41,62.2667,24.7,72.81,37,87,8.95,overcast clouds
169,Faanui,PF,2022-07-20 13:55:41,-16.4833,-151.75,77.29,65,0,6.64,clear sky
170,Sambava,MG,2022-07-20 13:55:41,-14.2667,50.1667,70.97,83,38,16.13,light rain
171,Grindavik,IS,2022-07-20 13:55:41,63.8424,-22.4338,57.67,67,20,12.66,few clouds
172,Azare,NG,2022-07-20 13:55:42,11.6765,10.1948,74.05,84,100,2.28,moderate rain
173,Santa Isabel Do Rio Negro,BR,2022-07-20 13:55:42,-0.4139,-65.0192,72.16,99,100,3.51,overcast clouds
174,Codrington,AU,2022-07-20 13:55:42,-38.2667,141.9667,40.35,88,0,7.67,clear sky
175,Cidreira,BR,2022-07-20 13:55:43,-30.1811,-50.2056,63.14,79,0,12.44,clear sky
176,Zhezkazgan,KZ,2022-07-20 13:55:43,47.8043,67.7144,98.58,14,75,13.42,broken clouds
177,Port Macquarie,AU,2022-07-20 13:55:43,-31.4333,152.9167,51.89,68,99,6.24,overcast clouds
178,El Terrero,HN,2022-07-20 13:55:44,14.0667,-87.0667,63.45,88,40,4.61,scattered clouds
179,Port Moresby,PG,2022-07-20 13:55:44,-9.4431,147.1797,78.22,89,75,3.44,broken clouds
180,Coihaique,CL,2022-07-20 13:52:01,-45.5752,-72.0662,36.21,80,100,6.91,snow
181,Kavaratti,IN,2022-07-20 13:55:45,10.5669,72.642,81.1,82,100,20.33,light rain
182,San Cristobal,VE,2022-07-20 13:54:36,7.7669,-72.225,71.78,69,46,7.05,scattered clouds
183,Necochea,AR,2022-07-20 13:51:33,-38.5473,-58.7368,55.53,59,2,20.18,clear sky
184,Kahului,US,2022-07-20 13:51:59,20.8947,-156.47,73.42,73,0,13.8,clear sky
185,Pangnirtung,CA,2022-07-20 13:55:45,66.1451,-65.7125,46.4,87,100,3.44,light rain
186,Ugoofaaru,MV,2022-07-20 13:55:46,5.6667,73.0,81.14,78,100,14.58,heavy intensity rain
187,Qaqortoq,GL,2022-07-20 13:55:46,60.7167,-46.0333,48.67,94,100,6.15,overcast clouds
188,Kavieng,PG,2022-07-20 13:55:46,-2.5744,150.7967,81.72,78,100,11.12,overcast clouds
189,Fernie,CA,2022-07-20 13:55:46,49.5,-115.0687,53.69,55,3,1.36,clear sky
190,Nador,MA,2022-07-20 13:55:47,35.174,-2.9287,91.47,74,20,8.05,few clouds
191,Chanasma,IN,2022-07-20 13:55:47,23.7167,72.1167,86.72,66,100,15.14,overcast clouds
192,Acarau,BR,2022-07-20 13:51:12,-2.8856,-40.12,85.93,55,11,10.11,few clouds
193,Turbat,PK,2022-07-20 13:55:47,26.0023,63.044,89.47,65,86,16.49,overcast clouds
194,Berzence,HU,2022-07-20 13:55:48,46.2091,17.1481,96.51,14,0,5.46,clear sky
195,Dingle,PH,2022-07-20 13:55:48,10.9995,122.6711,78.53,87,83,3.22,broken clouds
196,Morant Bay,JM,2022-07-20 13:55:48,17.8815,-76.4093,85.71,70,2,11.05,clear sky
197,Lockhart,US,2022-07-20 13:55:49,28.6194,-81.4426,89.1,74,3,1.01,clear sky
198,Manadhoo,MV,2022-07-20 13:55:49,5.7667,73.3833,80.82,78,100,14.09,heavy intensity rain
199,Vigrestad,NO,2022-07-20 13:55:49,58.5667,5.7,74.97,73,100,11.18,overcast clouds
200,Fortuna,US,2022-07-20 13:55:50,40.5982,-124.1573,54.66,91,48,3.06,scattered clouds
201,Maceio,BR,2022-07-20 13:55:50,-9.6658,-35.7353,80.04,73,75,6.91,broken clouds
202,Karimpur,IN,2022-07-20 13:55:50,23.9667,88.6167,85.87,70,100,10.4,light rain
203,Masaka,UG,2022-07-20 13:55:51,-0.3338,31.7341,76.77,43,18,13.02,few clouds
204,Ponta Do Sol,PT,2022-07-20 13:55:51,32.6667,-17.1,83.71,65,0,2.98,clear sky
205,Ostrovnoy,RU,2022-07-20 13:55:51,68.0531,39.5131,53.94,81,9,9.33,clear sky
206,Bud,US,2022-07-20 13:55:52,39.447,-86.1758,82.92,88,7,11.48,clear sky
207,Tahta,EG,2022-07-20 13:55:52,26.7693,31.5021,103.32,13,0,17.27,clear sky
208,Alta Floresta,BR,2022-07-20 13:55:52,-9.8756,-56.0861,85.82,42,0,9.22,clear sky
209,Alto Parana,BR,2022-07-20 13:55:53,-23.1289,-52.3189,76.33,56,0,15.59,clear sky
210,Dalbandin,PK,2022-07-20 13:55:53,28.8947,64.4101,104.45,16,6,9.62,clear sky
211,Sitka,US,2022-07-20 13:55:53,57.0531,-135.33,53.49,82,100,0.0,overcast clouds
212,Bam,IR,2022-07-20 13:55:53,29.106,58.357,100.56,8,6,12.62,clear sky
213,Jiaojiang,CN,2022-07-20 13:55:54,28.6803,121.4428,79.52,93,100,4.7,overcast clouds
214,Yar-Sale,RU,2022-07-20 13:55:54,66.8333,70.8333,65.53,43,20,13.58,few clouds
215,Kushima,JP,2022-07-20 13:55:54,31.4583,131.2333,81.0,89,100,7.49,moderate rain
216,Tilichiki,RU,2022-07-20 13:55:55,60.4667,166.1,46.49,60,7,6.51,clear sky
217,Ilulissat,GL,2022-07-20 13:55:55,69.2167,-51.1,47.53,56,100,5.7,overcast clouds
218,Homer,US,2022-07-20 13:55:55,59.6425,-151.5483,51.76,92,100,5.01,mist
219,Barahona,DO,2022-07-20 13:55:56,18.2085,-71.1008,85.82,79,20,9.22,few clouds
220,Fethiye,TR,2022-07-20 13:55:56,36.6217,29.1164,85.87,41,0,5.88,clear sky
221,Ballinrobe,IE,2022-07-20 13:55:56,53.6333,-9.2333,62.71,62,99,12.39,overcast clouds
222,Andilamena,MG,2022-07-20 13:55:57,-17.0167,48.5833,57.85,87,96,12.88,overcast clouds
223,Naze,JP,2022-07-20 13:55:57,28.3667,129.4833,81.52,87,97,13.29,overcast clouds
224,Brae,GB,2022-07-20 13:55:57,60.3964,-1.353,57.9,80,100,12.86,overcast clouds
225,Chokurdakh,RU,2022-07-20 13:55:58,70.6333,147.9167,39.27,79,60,8.97,broken clouds
226,San Antonio,US,2022-07-20 13:55:13,29.4241,-98.4936,82.98,79,6,1.01,clear sky
227,Acoua,YT,2022-07-20 13:55:58,-12.7239,45.0582,78.71,63,44,5.66,scattered clouds
228,Padang,ID,2022-07-20 13:55:58,-0.9492,100.3543,78.85,85,99,1.79,overcast clouds
229,Cap-Aux-Meules,CA,2022-07-20 13:55:59,47.3821,-61.8597,62.65,88,75,25.32,broken clouds
230,Lavrentiya,RU,2022-07-20 13:55:59,65.5833,-171.0,39.69,82,100,10.09,overcast clouds
231,Sorland,NO,2022-07-20 13:55:59,67.667,12.6934,56.64,89,100,30.53,overcast clouds
232,Sisimiut,GL,2022-07-20 13:56:00,66.9395,-53.6735,54.72,62,100,2.95,overcast clouds
233,Bengkulu,ID,2022-07-20 13:56:00,-3.8004,102.2655,78.48,85,89,2.46,overcast clouds
234,Baykit,RU,2022-07-20 13:56:00,61.67,96.37,59.04,84,90,2.28,overcast clouds
235,Krasnoselkup,RU,2022-07-20 13:56:01,65.7,82.4667,56.19,68,100,1.99,overcast clouds
236,Garowe,SO,2022-07-20 13:56:01,8.4054,48.4845,80.71,41,85,28.43,overcast clouds
237,Callaway,US,2022-07-20 13:56:01,30.153,-85.5699,86.92,81,26,1.01,scattered clouds
238,Rodeo,US,2022-07-20 13:56:02,38.033,-122.2669,61.07,90,7,7.0,clear sky
239,Saskylakh,RU,2022-07-20 13:56:02,71.9167,114.0833,46.29,64,99,15.05,overcast clouds
240,Iranshahr,IR,2022-07-20 13:56:02,27.2025,60.6848,109.74,23,20,11.5,few clouds
241,Gamba,GA,2022-07-20 13:56:03,-2.65,10.0,75.67,76,71,8.21,broken clouds
242,Abong Mbang,CM,2022-07-20 13:56:03,3.9833,13.1833,76.42,71,100,2.98,light rain
243,Talnakh,RU,2022-07-20 13:56:03,69.4865,88.3972,56.21,73,100,3.6,overcast clouds
244,Duku,NG,2022-07-20 13:56:04,11.2361,4.9073,85.44,57,68,5.08,light rain
245,Beyneu,KZ,2022-07-20 13:56:04,45.3167,55.2,97.86,18,33,19.82,scattered clouds
246,Xai-Xai,MZ,2022-07-20 13:56:04,-25.0519,33.6442,79.02,55,2,6.06,clear sky
247,Coos Bay,US,2022-07-20 13:52:02,43.3665,-124.2179,57.99,98,100,5.75,mist
248,Nome,US,2022-07-20 13:53:31,64.5011,-165.4064,44.67,93,100,12.66,light rain
249,Methoni,GR,2022-07-20 13:56:05,36.8197,21.7049,89.22,51,0,9.98,clear sky
250,Sao Miguel Do Araguaia,BR,2022-07-20 13:56:05,-13.275,-50.1628,88.45,25,3,8.41,clear sky
251,Kaeo,NZ,2022-07-20 13:56:06,-35.1,173.7833,44.33,93,51,8.25,broken clouds
252,Sudislavl,RU,2022-07-20 13:56:06,57.8817,41.7083,63.03,77,100,8.5,light rain
253,Nelson,NZ,2022-07-20 13:56:06,-41.2833,173.2833,48.29,98,100,7.38,overcast clouds
254,Clyde River,CA,2022-07-20 13:53:33,70.4692,-68.5914,37.63,93,100,5.75,overcast clouds
255,Isfana,KG,2022-07-20 13:56:07,39.8386,69.5306,88.36,18,0,3.8,clear sky
256,Vila Velha,BR,2022-07-20 13:56:07,-20.3297,-40.2925,76.95,77,75,8.05,broken clouds
257,Ca Mau,VN,2022-07-20 13:51:59,9.1769,105.15,78.44,91,100,4.21,overcast clouds
258,Husavik,IS,2022-07-20 13:56:07,66.0449,-17.3389,46.17,85,100,7.63,overcast clouds
259,Morehead,US,2022-07-20 13:56:08,37.2711,-87.1764,84.78,83,0,8.05,clear sky
260,San Carlos De Bariloche,AR,2022-07-20 13:56:08,-41.1456,-71.3082,42.55,87,100,13.49,moderate rain
261,Kudat,MY,2022-07-20 13:56:08,6.8837,116.8477,80.53,83,20,2.3,few clouds
262,Bonnyville,CA,2022-07-20 13:53:21,54.2668,-110.735,55.2,70,0,12.08,clear sky
263,Lorengau,PG,2022-07-20 13:56:09,-2.0226,147.2712,81.97,77,71,7.31,broken clouds
264,Praia Da Vitoria,PT,2022-07-20 13:56:09,38.7333,-27.0667,75.45,83,40,1.52,scattered clouds
265,Aleksandrovskoye,RU,2022-07-20 13:56:09,44.7142,43.0008,65.93,85,100,2.53,overcast clouds
266,Meiringen,CH,2022-07-20 13:56:10,46.7268,8.184,88.0,48,40,10.36,scattered clouds
267,Kothapet,IN,2022-07-20 13:56:10,19.3333,79.4833,80.2,85,97,4.94,overcast clouds
268,Ulaangom,MN,2022-07-20 13:56:10,49.9811,92.0667,62.37,37,29,2.73,scattered clouds
269,Kruisfontein,ZA,2022-07-20 13:56:11,-34.0033,24.7314,57.88,89,100,2.35,overcast clouds
270,Tomatlan,MX,2022-07-20 13:56:11,19.9333,-105.25,79.59,78,99,1.88,overcast clouds
271,Grand-Lahou,CI,2022-07-20 13:56:11,5.1367,-5.0242,77.49,67,100,8.5,overcast clouds
272,Meulaboh,ID,2022-07-20 13:56:12,4.1363,96.1285,78.13,82,100,1.99,moderate rain
273,Lompoc,US,2022-07-20 13:56:12,34.6391,-120.4579,55.54,98,100,3.44,mist
274,Baruun-Urt,MN,2022-07-20 13:56:12,46.6806,113.2792,69.69,51,97,7.92,overcast clouds
275,San Juan,AR,2022-07-20 13:56:13,-31.5375,-68.5364,56.43,29,0,4.9,clear sky
276,Marawi,PH,2022-07-20 13:56:13,7.9986,124.2928,71.02,93,96,1.54,overcast clouds
277,Petropavlovsk-Kamchatskiy,RU,2022-07-20 13:56:13,53.0452,158.6483,50.59,100,100,4.47,mist
278,Teknaf,BD,2022-07-20 13:56:14,20.8624,92.3058,81.95,85,97,5.88,overcast clouds
279,Bontang,ID,2022-07-20 13:56:14,0.1333,117.5,80.74,78,3,2.42,clear sky
280,Talaya,RU,2022-07-20 13:56:14,61.3833,152.75,58.62,82,75,6.42,broken clouds
281,Muana,BR,2022-07-20 13:56:15,-1.5283,-49.2167,87.1,58,13,3.62,few clouds
282,Kabanga,TZ,2022-07-20 13:56:15,-2.6386,30.4678,79.81,28,30,5.06,scattered clouds
283,Shimoda,JP,2022-07-20 13:56:15,34.6667,138.95,76.1,83,100,3.49,overcast clouds
284,Vallenar,CL,2022-07-20 13:56:16,-28.5708,-70.7581,63.84,47,100,2.24,overcast clouds
285,Ketchikan,US,2022-07-20 13:56:16,55.3422,-131.6461,55.87,94,100,3.44,overcast clouds
286,Barra Mansa,BR,2022-07-20 13:56:16,-22.5442,-44.1714,70.14,76,95,1.7,overcast clouds
287,Zmeinogorsk,RU,2022-07-20 13:56:17,51.1567,82.195,68.34,46,100,6.04,overcast clouds
288,Dandong,CN,2022-07-20 13:56:17,40.1292,124.3947,70.18,83,100,1.5,overcast clouds
289,Thai Binh,VN,2022-07-20 13:56:17,20.45,106.3333,83.32,80,100,5.17,overcast clouds
290,Waddan,LY,2022-07-20 13:56:18,29.1614,16.139,94.69,20,0,9.66,clear sky
291,Poltavka,RU,2022-07-20 13:56:18,54.3663,71.7632,70.12,72,86,11.03,light rain
292,Banda Aceh,ID,2022-07-20 13:56:18,5.5577,95.3222,80.73,77,100,14.74,overcast clouds
293,Noumea,NC,2022-07-20 13:56:19,-22.2763,166.4572,75.99,99,99,2.95,overcast clouds
294,Riyadh,SA,2022-07-20 13:55:14,24.6877,46.7219,111.34,7,74,15.97,broken clouds
295,Namibe,AO,2022-07-20 13:56:19,-15.1961,12.1522,71.56,64,13,13.56,few clouds
296,Ancud,CL,2022-07-20 13:56:19,-41.8697,-73.8203,47.23,91,100,16.15,moderate rain
297,Palmer,US,2022-07-20 13:56:20,42.1584,-72.3287,86.07,62,1,1.01,clear sky
298,Henties Bay,NA,2022-07-20 13:56:20,-22.116,14.2845,59.02,74,0,16.42,clear sky
299,Takoradi,GH,2022-07-20 13:56:20,4.8845,-1.7554,77.56,60,100,7.76,overcast clouds
300,Dhidhdhoo,MV,2022-07-20 13:55:47,6.8833,73.1,80.53,81,100,16.87,light rain
301,Half Moon Bay,US,2022-07-20 13:52:32,37.4636,-122.4286,60.62,91,100,5.75,mist
302,Marsa Matruh,EG,2022-07-20 13:56:21,31.3525,27.2453,82.6,65,0,11.5,clear sky
303,La Sarre,CA,2022-07-20 13:56:21,48.8002,-79.1996,67.17,75,97,9.28,overcast clouds
304,Saint-Felicien,CA,2022-07-20 13:56:22,48.6501,-72.4491,65.08,68,20,5.75,few clouds
305,Miracema,BR,2022-07-20 13:56:22,-21.4122,-42.1967,80.42,50,2,1.83,clear sky
306,Auki,SB,2022-07-20 13:56:22,-8.7676,160.7034,76.53,83,5,4.16,clear sky
307,Larap,PH,2022-07-20 13:56:23,14.299,122.6504,80.98,88,51,6.42,broken clouds
308,Tshane,BW,2022-07-20 13:56:23,-24.0196,21.8684,70.83,23,1,3.76,clear sky
309,Srivardhan,IN,2022-07-20 13:56:23,18.0333,73.0167,80.2,85,89,7.81,overcast clouds
310,Khani,GE,2022-07-20 13:56:24,41.9563,42.9566,62.17,90,98,4.32,overcast clouds
311,Yulara,AU,2022-07-20 13:56:24,-25.2406,130.9889,53.6,41,54,11.9,broken clouds
312,Inhambane,MZ,2022-07-20 13:56:24,-23.865,35.3833,77.0,73,20,7.0,few clouds
313,Mantua,IT,2022-07-20 13:56:25,45.1667,10.7833,100.09,16,0,5.84,clear sky
314,Kanchanaburi,TH,2022-07-20 13:56:25,14.6333,99.1,76.8,92,100,4.21,light rain
315,Magistralnyy,RU,2022-07-20 13:56:25,56.1725,107.4458,53.1,97,19,3.04,few clouds
316,Vanavara,RU,2022-07-20 13:56:26,60.34,102.2797,58.35,78,52,5.1,broken clouds
317,Tecoanapa,MX,2022-07-20 13:56:26,16.5167,-98.75,80.08,65,69,2.26,broken clouds
318,Saint-Pierre,RE,2022-07-20 13:56:27,-21.3393,55.4781,73.9,62,0,13.8,clear sky
319,Carauari,BR,2022-07-20 13:56:27,-4.8828,-66.8958,84.9,53,23,3.2,few clouds
320,Port Hedland,AU,2022-07-20 13:55:27,-20.3167,118.5667,62.65,72,0,5.75,clear sky
321,Ghanzi,BW,2022-07-20 13:56:27,-21.5667,21.7833,71.71,22,0,6.98,clear sky
322,Rio Grande,BR,2022-07-20 13:54:54,-32.035,-52.0986,57.31,84,0,13.58,clear sky
323,Upata,VE,2022-07-20 13:56:28,8.0086,-62.3989,79.2,86,72,2.35,broken clouds
324,Cachoeirinha,BR,2022-07-20 13:55:59,-29.9511,-51.0939,55.27,94,100,2.3,fog
325,Sakaiminato,JP,2022-07-20 13:56:28,35.55,133.2333,75.18,88,75,5.75,broken clouds
326,Thompson,CA,2022-07-20 13:56:29,55.7435,-97.8558,64.56,88,75,5.75,smoke
327,Kawalu,ID,2022-07-20 13:56:29,-7.3817,108.2082,72.81,95,100,2.86,overcast clouds
328,Arlit,NE,2022-07-20 13:56:29,18.7369,7.3853,96.3,26,76,4.52,broken clouds
329,Gornyy,RU,2022-07-20 13:56:30,55.1153,83.9059,63.12,72,100,5.3,overcast clouds
330,Mpika,ZM,2022-07-20 13:56:30,-11.8343,31.4529,72.5,36,59,8.63,broken clouds
331,Nuevo Progreso,MX,2022-07-20 13:56:30,23.1667,-97.95,84.54,65,29,5.01,scattered clouds
332,Leningradskiy,RU,2022-07-20 13:56:31,69.3833,178.4167,32.31,96,100,13.85,light snow
333,Saint George,US,2022-07-20 13:52:04,37.1041,-113.5841,86.79,36,0,4.0,clear sky
334,Burnie,AU,2022-07-20 13:56:31,-41.0667,145.9167,38.95,80,6,6.4,clear sky
335,Chama,CH,2022-07-20 13:56:31,47.1821,8.4636,93.25,40,20,8.05,few clouds
336,Berdigestyakh,RU,2022-07-20 13:56:32,62.0989,126.6992,67.6,86,100,0.87,overcast clouds
337,Kanniyakumari,IN,2022-07-20 13:56:32,8.0833,77.5667,80.29,82,100,20.18,overcast clouds
338,Namatanai,PG,2022-07-20 13:56:32,-3.6667,152.4333,78.8,81,99,7.23,overcast clouds
339,Pombia,IT,2022-07-20 13:56:33,45.653,8.6336,96.93,29,0,10.36,clear sky
340,Sicamous,CA,2022-07-20 13:56:33,50.8331,-118.9856,58.17,65,6,1.21,clear sky
341,Zabol,AF,2022-07-20 13:56:33,32.25,67.25,92.35,12,0,19.82,clear sky
342,Pangai,TO,2022-07-20 13:56:34,-19.8,-174.35,75.92,79,13,22.3,few clouds
343,Suvorovskaya,RU,2022-07-20 13:56:34,44.1942,42.6539,62.89,87,100,3.4,overcast clouds
344,Boralday,KZ,2022-07-20 13:56:34,43.3578,76.8594,87.66,18,0,6.71,clear sky
345,Khandyga,RU,2022-07-20 13:56:35,62.6667,135.6,67.57,78,0,2.68,clear sky
346,Victoria,HK,2022-07-20 13:56:01,22.2855,114.1577,89.19,76,6,11.01,clear sky
347,Amalapuram,IN,2022-07-20 13:56:35,16.5833,82.0167,83.48,80,82,3.4,broken clouds
348,Sancti Spiritus,CU,2022-07-20 13:56:36,21.9297,-79.4425,82.2,76,18,10.29,few clouds
349,Arcachon,FR,2022-07-20 13:56:36,44.5875,-1.0519,81.41,53,75,11.5,broken clouds
350,Aconibe,GQ,2022-07-20 13:56:36,1.2968,10.9369,73.85,85,100,3.78,moderate rain
351,Esperance,AU,2022-07-20 13:56:34,-33.8667,121.9,59.86,61,100,15.68,overcast clouds
352,Acapulco,MX,2022-07-20 13:56:37,16.8634,-99.8901,82.22,74,0,6.91,clear sky
353,Chiasso,CH,2022-07-20 13:56:37,45.832,9.0312,98.47,28,0,5.01,clear sky
354,Udachnyy,RU,2022-07-20 13:56:37,66.4167,112.4,57.45,62,84,8.77,broken clouds
355,Derzhavinsk,KZ,2022-07-20 13:56:37,51.1,66.3167,85.41,31,97,16.46,overcast clouds
356,Concarneau,FR,2022-07-20 13:56:38,47.875,-3.9225,73.81,71,75,15.17,broken clouds
357,Yelanskiy,RU,2022-07-20 13:56:38,56.8419,62.5014,67.42,67,48,8.5,scattered clouds
358,Berbera,SO,2022-07-20 13:56:39,10.4396,45.0143,91.42,44,94,13.27,overcast clouds
359,Shar,KZ,2022-07-20 13:56:39,49.5886,81.0453,79.11,27,100,1.1,overcast clouds
360,Norman Wells,CA,2022-07-20 13:54:37,65.282,-126.8329,53.64,87,75,0.0,broken clouds
361,Maningrida,AU,2022-07-20 13:56:39,-12.0667,134.2667,65.64,71,97,8.05,overcast clouds
362,Cascais,PT,2022-07-20 13:54:21,38.6979,-9.4215,87.66,52,20,23.02,few clouds
363,Almendralejo,ES,2022-07-20 13:56:40,38.6832,-6.4075,94.93,11,0,1.63,clear sky
364,Lake City,US,2022-07-20 13:55:02,30.1897,-82.6393,82.11,94,40,4.61,scattered clouds
365,Xuddur,SO,2022-07-20 13:56:40,4.1213,43.8894,85.23,33,93,23.29,overcast clouds
366,Uromi,NG,2022-07-20 13:56:41,6.7,6.3333,76.14,80,98,7.0,light rain
367,Pingxiang,CN,2022-07-20 13:56:41,27.6167,113.85,81.57,79,100,3.47,light rain
368,Mandalgovi,MN,2022-07-20 13:56:41,45.7625,106.2708,68.04,52,100,21.52,overcast clouds
369,Bonfim,BR,2022-07-20 13:56:42,3.0833,-59.95,80.08,79,94,4.92,overcast clouds
370,Palasa,IN,2022-07-20 13:56:42,18.7667,84.4167,84.15,82,100,7.7,overcast clouds
371,Bandarbeyla,SO,2022-07-20 13:56:42,9.4942,50.8122,85.93,44,74,28.9,broken clouds
372,Bonthe,SL,2022-07-20 13:56:43,7.5264,-12.505,77.14,81,100,10.47,light rain
373,Anisoc,GQ,2022-07-20 13:56:43,1.8658,10.7689,78.94,69,96,4.47,light rain
374,Stratford-Upon-Avon,GB,2022-07-20 13:56:43,52.1917,-1.7073,74.84,76,99,10.27,overcast clouds
375,Severo-Kurilsk,RU,2022-07-20 13:56:43,50.6789,156.125,50.72,98,99,14.88,light rain
376,Hami,CN,2022-07-20 13:56:44,42.8,93.45,67.73,59,100,14.0,overcast clouds
377,Adrar,MR,2022-07-20 13:56:44,20.5022,-10.0711,106.11,8,11,3.0,few clouds
378,Vila Franca Do Campo,PT,2022-07-20 13:56:45,37.7167,-25.4333,73.81,69,43,4.05,scattered clouds
379,Timucuy,MX,2022-07-20 13:56:45,20.8167,-89.5167,80.94,63,9,7.07,clear sky
380,Mayumba,GA,2022-07-20 13:56:45,-3.432,10.6554,73.33,84,74,6.78,broken clouds
381,Gazojak,TM,2022-07-20 13:56:45,41.1875,61.4036,108.14,9,0,21.72,clear sky
382,Rimbey,CA,2022-07-20 13:56:46,52.6334,-114.2353,57.22,82,3,5.61,clear sky
383,Maridi,SS,2022-07-20 13:56:46,4.9158,29.4742,80.78,57,31,5.66,light rain
384,Panevezys,LT,2022-07-20 13:56:47,55.7333,24.35,69.64,61,13,12.37,few clouds
385,Salalah,OM,2022-07-20 13:56:47,17.0151,54.0924,77.23,96,100,8.46,light rain
386,Carroll,US,2022-07-20 13:56:47,39.5501,-77.0164,85.44,67,0,5.75,clear sky
387,Kamenka,RU,2022-07-20 13:56:47,51.3223,42.7678,72.61,47,70,13.11,broken clouds
388,Olinda,BR,2022-07-20 13:56:48,-8.0089,-34.8553,78.53,73,75,9.22,broken clouds
389,Lahij,YE,2022-07-20 13:56:48,13.1667,44.5833,88.95,37,100,3.42,overcast clouds
390,Canasgordas,CO,2022-07-20 13:56:48,6.7499,-76.0254,70.83,76,99,0.43,overcast clouds
391,Arcos,BR,2022-07-20 13:56:49,-20.2819,-45.5394,78.28,39,8,7.25,clear sky
392,Vuktyl,RU,2022-07-20 13:56:49,63.8567,57.3094,72.7,46,97,6.17,overcast clouds
393,Richards Bay,ZA,2022-07-20 13:56:49,-28.783,32.0377,70.79,72,55,13.31,broken clouds
394,Maturin,VE,2022-07-20 13:56:50,9.75,-63.1767,83.08,70,34,3.78,scattered clouds
395,Mahibadhoo,MV,2022-07-20 13:56:50,3.7833,72.9667,80.2,80,100,8.37,overcast clouds
396,Pitimbu,BR,2022-07-20 13:56:50,-7.4706,-34.8086,81.19,69,17,13.09,few clouds
397,Ibra,OM,2022-07-20 13:56:51,22.6906,58.5334,92.7,51,86,6.76,light rain
398,Yerbogachen,RU,2022-07-20 13:56:51,61.2767,108.0108,57.15,92,100,4.0,overcast clouds
399,Francavilla Al Mare,IT,2022-07-20 13:56:51,42.4206,14.287,93.09,45,0,10.36,clear sky
400,Lufilufi,WS,2022-07-20 13:56:52,-13.8745,-171.5986,69.58,74,14,22.86,few clouds
401,Mersing,MY,2022-07-20 13:56:52,2.4312,103.8405,80.51,89,40,4.61,scattered clouds
402,Sechura,PE,2022-07-20 13:56:52,-5.5569,-80.8222,65.16,73,8,9.73,clear sky
403,Verkhnevilyuysk,RU,2022-07-20 13:56:53,63.4453,120.3167,57.76,97,100,5.01,overcast clouds
404,Dire,ML,2022-07-20 13:56:53,12.2833,-10.9667,78.76,87,100,7.18,moderate rain
405,Comodoro Rivadavia,AR,2022-07-20 13:56:53,-45.8667,-67.5,48.06,57,20,27.63,few clouds
406,Djambala,CG,2022-07-20 13:56:54,-2.5447,14.7533,83.53,40,96,4.99,overcast clouds
407,Polur,IN,2022-07-20 13:56:54,12.5,79.1333,79.72,82,100,6.91,overcast clouds
408,Isabela,PH,2022-07-20 13:56:54,6.7085,121.9711,78.58,85,93,2.89,overcast clouds
409,Katangli,RU,2022-07-20 13:56:54,51.7102,143.2326,53.78,92,94,5.39,overcast clouds
410,Tateyama,JP,2022-07-20 13:56:55,34.9833,139.8667,77.09,82,100,9.57,overcast clouds
411,Abu Dhabi,AE,2022-07-20 13:56:55,24.4667,54.3667,107.62,35,0,5.75,clear sky
412,Jimma,ET,2022-07-20 13:56:56,7.6667,36.8333,60.31,98,100,2.1,light rain
413,Gubkinskiy,RU,2022-07-20 13:56:56,64.434,76.5026,63.01,53,100,7.25,overcast clouds
414,Moron,AR,2022-07-20 13:56:56,-34.6534,-58.6198,56.95,75,0,7.34,clear sky
415,Gimli,CA,2022-07-20 13:55:57,50.6336,-96.9907,66.22,77,0,4.61,clear sky
416,Yambio,SS,2022-07-20 13:56:57,4.5721,28.3955,79.68,62,61,4.45,broken clouds
417,Basco,PH,2022-07-20 13:56:57,20.4487,121.9702,85.66,78,0,14.41,clear sky
418,Margate,GB,2022-07-20 13:56:57,51.3813,1.3862,80.69,45,100,15.84,overcast clouds
419,Chernyshevskiy,RU,2022-07-20 13:56:58,63.0128,112.4714,50.31,91,100,5.1,overcast clouds
420,Camacha,PT,2022-07-20 13:56:58,33.0833,-16.3333,72.82,64,40,14.97,scattered clouds
421,Kendari,ID,2022-07-20 13:56:58,-3.945,122.4989,75.54,93,24,1.03,few clouds
422,De-Kastri,RU,2022-07-20 13:56:59,51.4667,140.7833,59.95,94,100,4.88,overcast clouds
423,Portlethen,GB,2022-07-20 13:56:59,57.0547,-2.1307,66.04,72,75,8.05,broken clouds
424,Normandin,CA,2022-07-20 13:56:59,48.8333,-72.5321,64.71,67,27,4.61,scattered clouds
425,Mayo,US,2022-07-20 13:55:28,38.8876,-76.5119,87.91,74,0,3.0,clear sky
426,Piacabucu,BR,2022-07-20 13:57:00,-10.4056,-36.4344,76.53,85,85,12.95,overcast clouds
427,Cotonou,BJ,2022-07-20 13:57:00,6.3654,2.4183,84.18,65,40,14.97,scattered clouds
428,Ornskoldsvik,SE,2022-07-20 13:57:00,63.2909,18.7153,67.15,48,35,13.8,scattered clouds
429,Kibre Mengist,ET,2022-07-20 13:57:01,5.8833,38.9833,67.35,59,97,4.43,overcast clouds
430,Barabai,ID,2022-07-20 13:57:01,-2.5833,115.3833,75.11,95,4,2.06,clear sky
431,Katsuura,JP,2022-07-20 13:57:01,35.1333,140.3,78.1,83,99,4.23,light rain
432,Koutiala,ML,2022-07-20 13:57:01,12.3917,-5.4642,78.93,75,100,10.02,light rain
433,Kepno,PL,2022-07-20 13:57:02,51.2784,17.9891,93.04,24,42,8.68,scattered clouds
434,Broome,US,2022-07-20 13:57:02,42.2506,-75.833,84.67,69,11,1.99,few clouds
435,Brigantine,US,2022-07-20 13:56:10,39.4101,-74.3646,89.2,66,6,8.25,clear sky
436,Esna,EG,2022-07-20 13:57:03,25.2934,32.554,104.02,10,1,16.28,clear sky
437,Beloha,MG,2022-07-20 13:57:03,-25.1667,45.05,76.35,28,0,7.05,clear sky
438,Ixtapa,MX,2022-07-20 13:57:03,20.7,-105.2,83.23,80,44,1.01,scattered clouds
439,Envira,BR,2022-07-20 13:57:04,-7.3,-70.2167,81.95,54,1,4.65,clear sky
440,Rafai,CF,2022-07-20 13:57:04,4.95,23.9167,79.43,79,75,1.45,light rain
441,General Roca,AR,2022-07-20 13:57:04,-39.0333,-67.5833,56.89,33,1,20.2,clear sky
442,Saint-Louis,SN,2022-07-20 13:57:05,16.3333,-15.0,96.13,40,57,12.37,broken clouds
443,Milkovo,RU,2022-07-20 13:57:05,54.7167,158.6167,65.57,72,2,2.08,clear sky
444,Prince Rupert,CA,2022-07-20 13:55:07,54.3161,-130.3201,53.29,96,100,8.05,mist
445,Alugan,PH,2022-07-20 13:57:05,12.2188,125.4808,82.22,83,98,7.0,overcast clouds
446,Jardim,BR,2022-07-20 13:57:06,-21.4803,-56.1381,85.44,27,61,6.98,broken clouds
447,Dalbeattie,GB,2022-07-20 13:57:06,54.9328,-3.8227,69.84,61,0,13.06,clear sky
448,Fort Nelson,CA,2022-07-20 13:53:50,58.8053,-122.7002,53.19,71,40,5.75,scattered clouds
449,Thoen,TH,2022-07-20 13:57:07,17.6129,99.2161,77.61,95,100,0.51,overcast clouds
450,Komsomolskiy,UZ,2022-07-20 13:57:07,40.4272,71.7189,99.32,12,0,2.3,clear sky
451,Aguimes,ES,2022-07-20 13:57:07,27.9054,-15.4461,79.66,61,0,33.38,clear sky
452,Tessaoua,NE,2022-07-20 13:57:08,13.7574,7.9874,93.58,34,73,4.18,broken clouds
453,Okhotsk,RU,2022-07-20 13:57:08,59.3833,143.3,56.73,94,82,5.75,broken clouds
454,Sigli,ID,2022-07-20 13:57:08,5.3848,95.9609,81.54,72,100,6.38,overcast clouds
455,Wagar,SD,2022-07-20 13:56:29,16.1525,36.2032,97.38,29,98,15.19,overcast clouds
456,Tuensang,IN,2022-07-20 13:57:09,26.2833,94.8333,71.17,98,100,2.73,overcast clouds
457,The Valley,AI,2022-07-20 13:57:09,18.217,-63.0578,86.09,78,40,17.27,scattered clouds
458,Ternate,ID,2022-07-20 13:57:09,0.8,127.4,81.54,77,100,3.24,overcast clouds
459,Sai Buri,TH,2022-07-20 13:57:10,6.7013,101.6168,82.96,79,100,4.16,overcast clouds
460,Constantine,DZ,2022-07-20 13:57:10,36.365,6.6147,98.01,24,20,13.8,few clouds
461,Macenta,GN,2022-07-20 13:57:10,8.5435,-9.471,68.86,97,100,2.71,overcast clouds
462,Southport,GB,2022-07-20 13:57:11,53.6478,-3.0065,71.49,71,75,17.27,broken clouds
463,Havelock,US,2022-07-20 13:57:11,34.8791,-76.9013,85.95,78,1,8.01,clear sky
464,Notre-Dame-Du-Lac,CA,2022-07-20 13:57:11,47.6136,-68.7964,68.88,52,0,12.91,clear sky
465,Nago,JP,2022-07-20 13:57:12,26.5881,127.9761,82.8,90,90,8.7,overcast clouds
466,Kattivakkam,IN,2022-07-20 13:57:12,13.2167,80.3167,84.07,73,100,9.42,overcast clouds
467,Banff,CA,2022-07-20 13:53:16,51.1762,-115.5698,53.49,71,8,3.44,clear sky
468,Guerrero Negro,MX,2022-07-20 13:55:43,27.9769,-114.0611,70.9,70,80,4.85,broken clouds
469,Lakes Entrance,AU,2022-07-20 13:57:13,-37.8811,147.981,44.19,90,6,6.8,clear sky
470,Faya,SA,2022-07-20 13:57:13,18.3851,42.4509,75.72,37,100,9.1,light rain
471,Flinders,AU,2022-07-20 13:57:13,-34.5833,150.8552,53.19,92,100,5.01,light rain
472,Selty,RU,2022-07-20 13:57:13,57.3132,52.1345,63.95,81,23,6.33,light rain
473,Agbor,NG,2022-07-20 13:57:14,6.2518,6.1934,80.26,73,80,7.87,light rain
474,Oussouye,SN,2022-07-20 13:57:14,12.485,-16.5469,89.78,73,100,6.33,light rain
475,Sulangan,PH,2022-07-20 13:57:14,11.1373,123.7228,85.75,69,65,3.15,broken clouds
476,Caravelas,BR,2022-07-20 13:57:15,-17.7125,-39.2481,76.3,71,63,6.58,broken clouds
477,Daloa,CI,2022-07-20 13:57:15,6.8774,-6.4502,78.58,63,99,4.47,overcast clouds
478,Berlevag,NO,2022-07-20 13:57:15,70.8578,29.0864,55.4,94,100,0.0,light rain
479,Alofi,NU,2022-07-20 13:57:16,-19.0595,-169.9187,69.69,94,32,11.5,scattered clouds
480,Boende,CD,2022-07-20 13:57:16,-0.2167,20.8667,86.59,51,80,3.6,broken clouds
481,Spas,UA,2022-07-20 13:57:16,48.8899,24.0629,84.6,30,5,12.33,clear sky
482,Arequipa,PE,2022-07-20 13:54:53,-16.3989,-71.535,64.47,23,0,2.3,clear sky
483,Port Lincoln,AU,2022-07-20 13:57:17,-34.7333,135.8667,50.79,71,6,13.62,clear sky
484,Srednekolymsk,RU,2022-07-20 13:57:17,67.45,153.6833,43.32,71,68,1.54,broken clouds
485,Road Town,VG,2022-07-20 13:57:17,18.4167,-64.6167,86.09,79,40,12.66,scattered clouds
486,Manokwari,ID,2022-07-20 13:57:18,-0.8667,134.0833,78.73,79,100,7.05,overcast clouds
487,Nha Trang,VN,2022-07-20 13:57:18,12.25,109.1833,77.0,94,100,5.5,moderate rain
488,Takaungu,KE,2022-07-20 13:57:18,-3.6837,39.8566,76.87,69,1,16.58,clear sky
489,Shawville,CA,2022-07-20 13:57:18,45.6001,-76.4827,77.77,82,91,3.67,overcast clouds
490,Nusaybin,TR,2022-07-20 13:57:19,37.0778,41.2178,106.72,8,0,16.84,clear sky
491,Wanlaweyn,SO,2022-07-20 13:57:19,2.6185,44.8938,82.6,46,76,24.32,broken clouds
492,Sunrise Manor,US,2022-07-20 13:57:19,36.2111,-115.0731,92.21,26,7,1.01,clear sky
493,Pointe Michel,DM,2022-07-20 13:57:20,15.25,-61.3833,83.34,74,75,5.75,broken clouds
494,Agropoli,IT,2022-07-20 13:57:20,40.3469,14.9966,92.08,48,0,7.61,clear sky
495,Howard Springs,AU,2022-07-20 13:57:20,-12.497,131.047,73.31,87,100,4.99,overcast clouds
496,Dera Bugti,PK,2022-07-20 13:57:21,29.0307,69.151,97.43,41,7,9.86,clear sky
497,Ordzhonikidze,KZ,2022-07-20 13:57:21,52.4411,61.7408,76.42,44,100,9.91,overcast clouds
498,Ninghai,CN,2022-07-20 13:57:21,29.2892,121.4247,82.74,86,100,1.74,overcast clouds
499,Ouro Preto,BR,2022-07-20 13:57:22,-20.3948,-43.5052,69.91,48,2,5.77,clear sky
500,Kayerkan,RU,2022-07-20 13:57:22,69.3497,87.7602,55.53,87,100,2.28,overcast clouds
501,Mayor Pablo Lagerenza,PY,2022-07-20 13:57:22,-19.9309,-60.7718,81.55,39,15,6.11,few clouds
502,Urucara,BR,2022-07-20 13:57:23,-2.5364,-57.76,81.25,85,47,2.75,scattered clouds
503,America Dourada,BR,2022-07-20 13:57:23,-11.4553,-41.4361,78.69,46,31,13.31,scattered clouds
504,Hofn,IS,2022-07-20 13:57:23,64.2539,-15.2082,55.42,71,75,6.91,broken clouds
505,Kulhudhuffushi,MV,2022-07-20 13:57:24,6.6221,73.07,80.6,79,100,17.25,light rain
506,Two Hills,CA,2022-07-20 13:57:24,53.7169,-111.7518,55.63,82,0,12.66,clear sky
507,Iralaya,HN,2022-07-20 13:57:24,15.0,-83.2333,82.76,73,19,11.16,few clouds
508,Wanaka,NZ,2022-07-20 13:57:24,-44.7,169.15,39.11,93,100,1.01,overcast clouds
509,Maralal,KE,2022-07-20 13:57:25,1.0968,36.698,67.55,51,98,2.1,overcast clouds
510,Itoman,JP,2022-07-20 13:57:25,26.1247,127.6694,84.22,89,20,8.05,few clouds
511,Greeneville,US,2022-07-20 13:57:25,36.1632,-82.831,77.14,83,100,3.44,overcast clouds
512,Wajir,KE,2022-07-20 13:57:26,1.7471,40.0573,82.13,45,100,22.55,overcast clouds
513,Rocha,UY,2022-07-20 13:57:26,-34.4833,-54.3333,54.79,73,2,11.83,clear sky
514,Harper,LR,2022-07-20 13:57:26,4.375,-7.7169,77.16,68,100,9.86,overcast clouds
515,Belmonte,BR,2022-07-20 13:57:27,-15.8631,-38.8828,75.36,77,44,9.33,scattered clouds
516,Yoichi,JP,2022-07-20 13:57:27,43.2039,140.7703,66.06,91,22,4.25,few clouds
517,Sao Jose Da Coroa Grande,BR,2022-07-20 13:57:27,-8.8978,-35.1478,78.42,76,43,9.8,scattered clouds
518,Korla,CN,2022-07-20 13:57:28,41.7597,86.1469,76.23,34,2,12.84,clear sky
519,La Rioja,ES,2022-07-20 13:57:28,42.25,-2.5,80.38,33,0,9.22,clear sky
520,Tanabe,JP,2022-07-20 13:57:28,33.7333,135.3667,75.15,80,100,3.87,overcast clouds
521,Umm Lajj,SA,2022-07-20 13:57:29,25.0213,37.2685,89.73,59,3,15.41,clear sky
522,San Ramon De La Nueva Oran,AR,2022-07-20 13:57:29,-23.1322,-64.326,59.43,49,100,1.32,overcast clouds
523,Dunedin,NZ,2022-07-20 13:54:13,-45.8742,170.5036,43.81,84,85,13.0,overcast clouds
524,Mitsamiouli,KM,2022-07-20 13:57:29,-11.3847,43.2844,84.49,51,20,8.05,few clouds
525,Goba,ET,2022-07-20 13:57:30,7.0167,39.9833,51.82,97,100,1.83,moderate rain
526,Narsaq,GL,2022-07-20 13:57:30,60.9167,-46.05,51.24,89,99,3.96,overcast clouds
527,Paysandu,UY,2022-07-20 13:57:30,-32.3214,-58.0756,56.88,76,0,9.28,clear sky
528,Berwick,US,2022-07-20 13:57:31,41.0545,-76.2333,85.71,72,8,3.96,clear sky
529,Trairi,BR,2022-07-20 13:54:18,-3.2778,-39.2689,86.41,47,10,11.54,clear sky
530,Kalmunai,LK,2022-07-20 13:57:31,7.4167,81.8167,82.76,77,100,6.6,overcast clouds
531,Sobolevo,RU,2022-07-20 13:57:31,54.4299,31.8996,63.46,67,18,18.54,few clouds
532,Awjilah,LY,2022-07-20 13:57:32,29.1081,21.2869,94.66,13,0,15.82,clear sky
533,Hervey Bay,AU,2022-07-20 13:57:32,-25.2986,152.8535,64.53,69,92,24.07,overcast clouds
534,Huari,PE,2022-07-20 13:57:32,-9.3333,-77.2333,44.98,45,11,6.6,few clouds
535,Algiers,DZ,2022-07-20 13:54:27,36.7525,3.042,85.82,55,20,11.5,few clouds
536,Labuhan,ID,2022-07-20 13:57:33,-6.8844,112.2051,77.92,78,93,10.29,overcast clouds
537,Chimbarongo,CL,2022-07-20 13:57:33,-34.7,-71.05,34.68,67,2,3.62,clear sky
538,Praia,CV,2022-07-20 13:57:09,14.9215,-23.5087,82.94,69,20,8.05,few clouds
539,Kabwe,ZM,2022-07-20 13:57:34,-14.4469,28.4464,70.02,46,100,9.57,overcast clouds
540,Turukhansk,RU,2022-07-20 13:57:34,65.8167,87.9833,52.25,91,100,7.56,overcast clouds
541,Kirakira,SB,2022-07-20 13:57:34,-10.4544,161.9205,79.16,84,31,6.96,scattered clouds
542,Prabumulih,ID,2022-07-20 13:57:34,-3.45,104.25,74.5,95,88,3.18,overcast clouds
543,Chapais,CA,2022-07-20 13:57:35,49.7834,-74.8492,58.78,50,100,3.31,overcast clouds
544,Kungurtug,RU,2022-07-20 13:57:35,50.5994,97.5228,54.75,62,100,1.86,overcast clouds
545,Sola,VU,2022-07-20 13:57:35,-13.8833,167.55,80.67,81,100,18.68,overcast clouds
546,Anadyr,RU,2022-07-20 13:57:36,64.75,177.4833,45.1,81,40,8.95,scattered clouds
547,Tigzirt,DZ,2022-07-20 13:57:36,36.8886,4.1198,87.04,56,13,10.25,few clouds
548,Moose Factory,CA,2022-07-20 13:57:36,51.2585,-80.6094,59.0,77,100,10.36,haze
549,Merauke,ID,2022-07-20 13:57:37,-8.4667,140.3333,76.39,87,62,9.86,broken clouds
550,San Pedro,PH,2022-07-20 13:57:37,14.35,121.0167,84.31,80,75,4.61,broken clouds
551,Xunchang,CN,2022-07-20 13:57:38,28.4543,104.715,69.71,86,98,2.91,overcast clouds
552,Klaksvik,FO,2022-07-20 13:57:38,62.2266,-6.589,54.52,91,67,5.12,broken clouds
553,Salinas,US,2022-07-20 13:57:38,36.6777,-121.6555,58.01,94,100,0.0,mist
554,Hamilton,US,2022-07-20 13:55:21,39.1834,-84.5333,82.26,84,12,3.0,few clouds
555,Abilene,US,2022-07-20 13:57:39,32.4487,-99.7331,89.08,43,97,1.01,overcast clouds
556,Saravena,CO,2022-07-20 13:57:39,6.9538,-71.8752,75.65,87,92,0.81,overcast clouds
557,Cayenne,GF,2022-07-20 13:57:39,4.9333,-52.3333,84.24,74,75,8.05,broken clouds
558,Vaitape,PF,2022-07-20 13:57:40,-16.5167,-151.75,77.31,65,0,6.69,clear sky
559,Dingli,MT,2022-07-20 13:53:04,35.8614,14.3822,86.16,55,20,9.22,few clouds
560,Port Shepstone,ZA,2022-07-20 13:57:40,-30.7414,30.455,68.04,73,6,21.65,clear sky
561,Zemio,CF,2022-07-20 13:57:40,5.0314,25.1361,76.91,87,93,1.01,moderate rain
562,San Quintin,MX,2022-07-20 13:57:41,30.4833,-115.95,68.61,81,100,3.02,overcast clouds
563,Greencastle,US,2022-07-20 13:57:41,39.6445,-86.8647,82.04,88,75,12.66,broken clouds
564,Bolgar,RU,2022-07-20 13:57:41,54.95,49.0667,66.74,71,50,10.0,light rain
565,Poyarkovo,RU,2022-07-20 13:57:42,49.6,128.6833,66.02,88,1,3.24,clear sky
566,Zhangye,CN,2022-07-20 13:57:42,38.9342,100.4517,77.02,31,87,20.78,overcast clouds
567,Kudymkar,RU,2022-07-20 13:57:42,59.0173,54.656,64.0,78,100,4.85,light rain
568,Makakilo City,US,2022-07-20 13:57:42,21.3469,-158.0858,74.68,76,51,13.24,broken clouds
569,Marfino,RU,2022-07-20 13:57:43,55.7028,37.3822,68.34,52,75,11.18,light rain
570,Rognan,NO,2022-07-20 13:57:43,67.0953,15.3878,63.05,67,85,9.33,overcast clouds
571,Ilinskiy,RU,2022-07-20 13:57:44,55.619,38.1182,71.31,46,75,8.95,broken clouds
572,Hualmay,PE,2022-07-20 13:57:44,-11.0964,-77.6139,62.83,78,65,5.97,broken clouds
573,Lucapa,AO,2022-07-20 13:57:44,-8.4192,20.7447,91.33,17,49,2.39,scattered clouds
574,Hurricane,US,2022-07-20 13:56:53,37.1753,-113.2899,84.87,30,4,3.13,clear sky
575,Port Blair,IN,2022-07-20 13:57:45,11.6667,92.75,78.84,89,100,3.44,mist
576,Lagunas,PE,2022-07-20 13:57:45,-5.2269,-75.6753,80.24,69,51,2.98,broken clouds
577,Birjand,IR,2022-07-20 13:57:45,32.8663,59.2211,99.07,8,0,16.11,clear sky
578,Port-Cartier,CA,2022-07-20 13:57:46,50.0334,-66.8654,71.82,60,8,18.9,clear sky
579,Golaghat,IN,2022-07-20 13:57:46,26.5167,93.9667,78.73,90,100,1.34,overcast clouds
580,Burns Lake,CA,2022-07-20 13:55:04,54.2331,-125.7533,33.22,86,20,1.79,few clouds
581,Karema,TZ,2022-07-20 13:57:46,-6.8205,30.4389,82.0,43,0,9.55,clear sky
582,Rawson,AR,2022-07-20 13:57:47,-43.3002,-65.1023,53.51,59,99,16.35,overcast clouds
583,Iskele,TR,2022-07-20 13:57:47,39.484,26.9278,84.22,33,0,21.0,clear sky
584,Presidente Medici,BR,2022-07-20 13:57:47,-11.1753,-61.9014,86.29,30,0,3.11,clear sky
585,Staroye Drozhzhanoye,RU,2022-07-20 13:57:48,54.7266,47.5677,64.49,75,15,9.95,light rain
586,Jalu,LY,2022-07-20 13:57:48,29.0331,21.5482,95.05,13,0,14.65,clear sky
587,Touros,BR,2022-07-20 13:57:48,-5.1989,-35.4608,81.97,62,31,18.66,scattered clouds
588,Constitucion,CL,2022-07-20 13:57:49,-35.3333,-72.4167,52.2,63,37,4.14,scattered clouds
589,Aksarka,RU,2022-07-20 13:57:49,66.5606,67.7975,66.83,46,61,11.92,broken clouds
590,Kostomuksha,RU,2022-07-20 13:57:49,64.571,30.5767,70.12,61,100,10.71,overcast clouds
591,Carballo,ES,2022-07-20 13:57:50,43.213,-8.691,78.01,79,30,10.63,scattered clouds
592,Paris,FR,2022-07-20 13:53:35,48.8534,2.3488,78.15,78,75,11.5,broken clouds
593,Puerto Madero,MX,2022-07-20 13:57:50,14.7208,-92.4215,79.21,81,100,3.56,overcast clouds
594,Gizo,SB,2022-07-20 13:57:50,-8.103,156.8419,81.43,76,42,6.22,scattered clouds
595,Avera,US,2022-07-20 13:57:51,33.194,-82.5271,78.31,69,4,10.11,clear sky
596,Linxia,CN,2022-07-20 13:57:51,35.6003,103.2064,65.35,68,47,4.12,scattered clouds
597,Green Valley,US,2022-07-20 13:57:51,31.8543,-110.9937,83.25,62,100,1.01,overcast clouds
598,Tabou,CI,2022-07-20 13:57:52,4.423,-7.3528,77.31,67,98,9.13,overcast clouds
599,Bathsheba,BB,2022-07-20 13:57:52,13.2167,-59.5167,84.81,88,75,16.11,broken clouds
600,Verkhnyaya Inta,RU,2022-07-20 13:57:52,65.9811,60.3094,69.57,50,40,13.35,scattered clouds
601,Behbahan,IR,2022-07-20 13:57:53,30.5959,50.2417,106.57,23,0,9.22,clear sky
602,Olga,RU,2022-07-20 13:57:53,43.7444,135.2892,62.17,91,75,4.14,broken clouds
603,Turkistan,KZ,2022-07-20 13:57:53,43.0,68.0,102.96,9,0,17.83,clear sky
604,Inverness,GB,2022-07-20 13:57:54,57.4791,-4.224,69.8,63,75,12.66,broken clouds
605,Evensk,RU,2022-07-20 13:57:54,61.95,159.2333,53.04,85,37,2.86,scattered clouds
606,Thinadhoo,MV,2022-07-20 13:57:54,0.5333,72.9333,80.62,75,100,5.68,light rain
607,Sorong,ID,2022-07-20 13:57:55,-0.8833,131.25,78.42,85,100,6.58,overcast clouds
608,Iyo,JP,2022-07-20 13:57:55,33.7514,132.7014,77.95,83,83,3.96,broken clouds
609,High Level,CA,2022-07-20 13:57:55,58.5169,-117.136,53.71,94,40,2.3,scattered clouds
610,Kouqian,CN,2022-07-20 13:57:56,43.6391,126.4578,69.3,92,100,1.61,overcast clouds
611,Hovd,MN,2022-07-20 13:57:56,48.0056,91.6419,55.09,61,100,11.25,overcast clouds
612,Grand Gaube,MU,2022-07-20 13:57:56,-20.0064,57.6608,72.0,62,89,13.0,overcast clouds
613,Thionville,FR,2022-07-20 13:57:57,49.3333,6.3333,89.17,40,7,8.97,clear sky
614,Orocue,CO,2022-07-20 13:57:57,4.7912,-71.3354,75.83,89,97,6.38,overcast clouds
615,Topeka,US,2022-07-20 13:56:02,39.0483,-95.678,82.89,65,0,5.01,clear sky
616,Karimnagar,IN,2022-07-20 13:57:57,18.4333,79.15,81.19,77,100,6.06,overcast clouds
617,Oranjemund,NA,2022-07-20 13:57:58,-28.55,16.4333,57.96,64,0,22.79,clear sky
618,Jinka,ET,2022-07-20 13:57:58,5.65,36.65,72.91,49,95,0.81,overcast clouds
619,Muros,ES,2022-07-20 13:57:58,42.7762,-9.0603,86.16,53,0,14.63,clear sky
620,Amambai,BR,2022-07-20 13:57:59,-23.1042,-55.2258,78.49,44,6,10.85,clear sky
621,Djibo,BF,2022-07-20 13:57:59,14.1022,-1.6306,88.77,49,100,14.74,overcast clouds
622,Kununurra,AU,2022-07-20 13:57:28,-15.7667,128.7333,64.38,68,17,0.0,few clouds
623,Los Llanos De Aridane,ES,2022-07-20 13:57:59,28.6585,-17.9182,74.95,69,20,17.27,few clouds
624,Puri,IN,2022-07-20 13:57:45,19.8,85.85,82.92,78,100,12.97,overcast clouds
625,Nipawin,CA,2022-07-20 13:57:52,53.3668,-104.0009,64.44,59,0,14.97,clear sky
626,Voyinka,UA,2022-07-20 13:58:00,45.8699,33.9914,82.36,34,0,12.03,clear sky
627,Surt,LY,2022-07-20 13:58:00,31.2089,16.5887,83.79,58,0,13.51,clear sky
628,Laakirchen,AT,2022-07-20 13:58:01,47.9819,13.8217,90.59,55,29,4.79,scattered clouds
629,Rafaela,AR,2022-07-20 13:53:03,-31.2503,-61.4867,64.0,47,2,3.0,clear sky
630,Masuguru,TZ,2022-07-20 13:58:01,-11.3667,38.4167,87.35,26,35,4.23,scattered clouds
631,Samana,DO,2022-07-20 13:58:01,19.2056,-69.3369,80.82,89,40,0.0,scattered clouds
632,Bereda,ES,2022-07-20 13:58:02,43.2686,-7.5406,76.14,69,0,7.36,clear sky
633,Singapore,SG,2022-07-20 13:57:49,1.2897,103.8501,82.35,78,75,4.61,broken clouds
634,Sirnak,TR,2022-07-20 13:58:02,37.5228,42.4594,93.69,9,0,12.33,clear sky
635,Ishigaki,JP,2022-07-20 13:58:02,24.3448,124.1572,84.33,94,40,6.91,scattered clouds
636,Karratha,AU,2022-07-20 13:58:03,-20.7377,116.8463,69.04,66,0,3.71,light rain
637,Gulu,UG,2022-07-20 13:58:03,2.7746,32.299,76.75,62,96,0.87,overcast clouds
638,Woodstock,CA,2022-07-20 13:58:04,43.1334,-80.7497,81.93,90,92,15.99,overcast clouds
639,Yumbing,PH,2022-07-20 13:58:04,9.2393,124.6578,82.54,77,54,4.03,broken clouds
640,Pacific Grove,US,2022-07-20 13:58:04,36.6177,-121.9166,57.42,99,3,3.0,clear sky
641,Tahoua,NE,2022-07-20 13:58:05,14.8888,5.2692,89.58,48,75,8.05,broken clouds
642,Mikhaylovka,RU,2022-07-20 13:58:05,50.06,43.2379,78.78,41,72,6.91,broken clouds
643,Rorvik,NO,2022-07-20 13:58:05,64.8621,11.2373,69.78,93,100,6.53,overcast clouds
644,Svetlogorsk,BY,2022-07-20 13:58:06,52.6333,29.7333,67.71,54,25,17.34,scattered clouds
645,Beroroha,MG,2022-07-20 13:58:06,-21.6667,45.1667,81.91,26,0,5.75,clear sky
646,Chipinge,ZW,2022-07-20 13:58:06,-20.1883,32.6236,66.54,57,99,7.16,overcast clouds
647,Terebovlya,UA,2022-07-20 13:58:07,49.3019,25.71,81.28,38,5,18.16,clear sky
648,Kijang,KR,2022-07-20 13:58:07,35.2442,129.2139,80.33,77,100,7.43,overcast clouds
649,Zuwarah,LY,2022-07-20 13:58:07,32.9312,12.082,86.29,59,0,16.15,clear sky
650,Marrakesh,MA,2022-07-20 13:58:08,31.6315,-8.0083,105.87,20,75,4.61,broken clouds
651,Kursk,RU,2022-07-20 13:58:08,51.7303,36.1939,57.4,100,75,13.42,thunderstorm with light rain
652,Aden,YE,2022-07-20 13:57:02,12.7794,45.0367,84.67,68,100,19.39,overcast clouds
653,Ruwi,OM,2022-07-20 13:58:08,23.5996,58.5507,90.01,66,98,6.4,overcast clouds
654,Peebles,GB,2022-07-20 13:58:09,55.6519,-3.1888,71.82,60,100,3.0,overcast clouds
655,Panzhihua,CN,2022-07-20 13:58:09,26.5851,101.7128,69.73,95,100,0.16,overcast clouds
656,Shuangcheng,CN,2022-07-20 13:58:09,45.35,126.2833,71.28,82,100,3.98,overcast clouds
657,Kushmurun,KZ,2022-07-20 13:58:10,52.4503,64.6311,78.6,45,100,12.57,overcast clouds
658,Kosa,RU,2022-07-20 13:58:10,59.9445,54.9977,63.75,67,100,6.31,overcast clouds
659,Matay,EG,2022-07-20 13:58:10,28.419,30.7792,100.99,15,0,13.42,clear sky
660,Tuntum,BR,2022-07-20 13:58:11,-5.2581,-44.6489,89.24,32,43,8.1,scattered clouds
661,Ayr,GB,2022-07-20 13:58:11,55.4627,-4.6339,70.32,63,20,18.41,few clouds
662,Maraba,BR,2022-07-20 13:57:22,-5.3686,-49.1178,89.78,45,0,2.3,clear sky
663,Bria,CF,2022-07-20 13:58:12,6.5423,21.9863,80.37,70,52,3.42,light rain
664,Shingu,JP,2022-07-20 13:58:12,33.7333,135.9833,75.24,78,95,6.26,overcast clouds
665,Nargana,PA,2022-07-20 13:58:12,9.4428,-78.5906,81.0,85,100,10.65,overcast clouds
666,San Patricio,US,2022-07-20 13:58:12,28.017,-97.5169,85.87,64,2,15.21,clear sky
667,Pochutla,MX,2022-07-20 13:58:13,15.7432,-96.4661,78.82,74,100,1.63,overcast clouds
668,Bahia Honda,CU,2022-07-20 13:58:13,22.9036,-83.1592,84.0,69,7,10.11,light rain
669,Coahuayana,MX,2022-07-20 13:58:13,18.7333,-103.6833,80.71,77,77,3.44,broken clouds
670,Alexandria,EG,2022-07-20 13:58:14,31.2156,29.9553,86.54,62,20,12.66,few clouds
671,Novyye Burasy,RU,2022-07-20 13:58:14,52.1324,46.0714,69.71,55,64,12.15,broken clouds
672,Deputatskiy,RU,2022-07-20 13:58:14,69.3,139.9,30.88,98,71,2.8,broken clouds
673,Mareeba,AU,2022-07-20 13:58:15,-17.0,145.4333,63.48,98,11,2.71,few clouds
